{
  "version": "2020.2",
  "applications": [],
  "platforms": [
    {
      "name": "system_100T_wrapper"
    }
  ],
  "systems": [
    {
      "name": "ACL-Tester-Design-App_system",
      "platform": "W:/wa/ACL-Tester-Design-AXI-Ws/system_100T_wrapper/export/system_100T_wrapper/system_100T_wrapper.xpfm",
      "sysConfig": "system_100T_wrapper",
      "buildConfig": "Debug",
      "applications": [
        {
          "name": "ACL-Tester-Design-App",
          "platform": "W:/wa/ACL-Tester-Design-AXI-Ws/system_100T_wrapper/export/system_100T_wrapper/system_100T_wrapper.xpfm",
          "platformPath": "W:\\wa\\ACL-Tester-Design-AXI-Ws\\system_100T_wrapper\\export\\system_100T_wrapper",
          "sysConfig": "system_100T_wrapper",
          "domain": "freertos10_xilinx_microblaze_0",
          "system": "ACL-Tester-Design-App_system"
        }
      ],
      "platformPath": "W:\\wa\\ACL-Tester-Design-AXI-Ws\\system_100T_wrapper\\export\\system_100T_wrapper"
    }
  ],
  "others": []
}